<?xml version="1.0" encoding="UTF-8"?>

    
    <!-- DSA Assignment Group Metadata File Example, 2019-20 -->
    
    <!-- author: kane.newton-stallwood@live.uwe.ac.uk, joseph2.coverdale@live.uwe.ac.uk -->
    
    <!-- This file is an example of a valid group metadata file.Use this example file as a template and fill with your own datavalidating as you go along using Oxygen or some other schema aware editor -->
    
    
    <!-- The following is the assignment metadata (DO NOT CHANGE) -->
    
    
    
    -<module acronymn="DSA" id="UFCFV4-30-2">
        
        <title>Data Schemas & Applications</title>
        
        <year>2019-20</year>
        
        <hand_in>2020-03-12</hand_in>
        
        <spec_url>https://fetstudy.uwe.ac.uk/~p-chatterjee/2019-20/modules/dsa/assignment/</spec_url>
        
    </module>
    
    <!-- end of metadata section -->
    
    
    <!-- Group Section -->
    
    
    
    -<group id="w1-ZZ">
        
        <member id="16025197" name="Kane Newton-Stallwood"/>
        
        <member id="17024693" name="Joe Coverdale"/>
        
        <member id="18040195" name="Louie Crook"/>
        
        
        -<workshop>
            
            <daytime>Thursday 9:30</daytime>
            
            <tutor>PC</tutor>
            
            <tutor>GW</tutor>
            
        </workshop>
        
        <!-- Each student should have contributed to one or more components -->
        
        
        
        -<component type="Database Design">
            
            <contributor id="16025197"/>
            
            <contributor id="18040195"/>
            
            <contributor id="17024693"/>
            
            <!-- the following text fields allow for between 80 and 5000 characters -->
            
            <description> Our database was drawn up a few times before the final was completed. We carefully considered and actioned the following tables: comments, poi, city, geo-location and images.   </description>
            
            <problems> Problems include: Relationships between tables, data types and tried to implement a weather table </problems>
            
            <solutions> Firstly: weather table proved to be useless as we shouldn't need to stored any weather data from the past. Secondly: data types were addressed by researching and testing. Thirdly: Our relationships were tested on paper until we found an efficent relationship diagram </solutions>
            
            <!-- integer required between 1 and 120 -->
            
            
            <hours_effort>8</hours_effort>
            
        </component>
        
        
        -<component type="Database Implementation">
            
            <contributor id="16025197"/>
            
            <contributor id="18040195"/>
            
            <description> Implementation: Following our design, we contructed and inserted data on phpmyadmmin  </description>
            
            <problems> Incorrect data types and redundent attributes </problems>
            
            <solutions> Corrected Data types. Comments: Timestamp to DateTime and Text to VARCHAR. Redundent Attributes: Comment: image </solutions>
            
            <hours_effort>5</hours_effort>
            
        </component>
        
        
        -<component type="HTML Design & Markup">
            
            <contributor id="18040195"/>
            
            <contributor id="17024693"/>
            
            <description> Design the layout of the website, navigation bar, colour scheme etc... Functionality of the site and different pages with content, redesign the layout of site for individual task</description>
            
            <problems>The problems encountered were: div tags not responsing properly, layout of site</problems>
            
            <solutions>Re-writing code to find the problem, usuing broswer inspect tool to locate where a tag was then tackling it in visual code, redesigning the site making it a responsive layout with different pages </solutions>
            
            <hours_effort>20</hours_effort>
            
        </component>
        
        
        -<component type="PHP Coding">
            
            <contributor id="14019850"/>
            
            <contributor id="14026542"/>
            
            <contributor id="14011846"/>
            
            <description> Sed eu nunc ipsum, nec suscipit lectus. Quisque quis nibh at sem dictumpretium. Pellentesque augue mauris, lobortis vel elementum quis, consequat temporfelis. .... </description>
            
            <problems> Lorem ipsum dolor sit amet, consectetur adipiscing elit. Donec lobortislacinia porttitor. Pellentesque augue mauris, lobortis vel elementum quis, consequattempor felis. ... </problems>
            
            <solutions> Integer dictum diam id ligula aliquet sed dapibus nibh elementum.Pellentesque augue mauris, lobortis vel elementum quis, consequat tempor felis..... </solutions>
            
            <hours_effort>12</hours_effort>
            
        </component>
        
        
        -<component type="Javascript / JSON Coding">
            
            <contributor id="14011846"/>
            
            <contributor id="14019850"/>
            
            <description> Sed eu nunc ipsum, nec suscipit lectus. Quisque quis nibh at sem dictumpretium. Pellentesque augue mauris, lobortis vel elementum quis, consequat temporfelis. .... </description>
            
            <problems> Lorem ipsum dolor sit amet, consectetur adipiscing elit. Donec lobortislacinia porttitor. Pellentesque augue mauris, lobortis vel elementum quis, consequattempor felis.... </problems>
            
            <solutions> Integer dictum diam id ligula aliquet sed dapibus nibh elementum.Pellentesque augue mauris, lobortis vel elementum quis, consequat tempor felis..... </solutions>
            
            <hours_effort>8</hours_effort>
            
        </component>
        
        
        -<component type="CSS Design">
    
            <contributor id="17024693"/>
                
            
            <description> designing the layout of the website, naviation bar, pages, making website repsonsive and adjust to size of screen of device </description>
            
            <problems>css not adjusting image tags when attempting to update it, css not working </problems>
            
            <solutions> making a new css file for the specified page, this helped to adjust the page and it contents. </solutions>
            
            <hours_effort>20</hours_effort>
            
        </component>
        
    </group>
    
    <!-- This section gives a link to group components, lists the techohnolgies used andpoints to any number of source files. Note that the more that these links work - the higher the mark for this section. Of course - the base_url link must work!! -->
    
    
    
    -<application>
        
        <!-- Make sure the base_url for the main application is reachable ashttps://isa.cems.uwe.ac.uk/~a-student/dsa/assignment/ -->
        
        
        <base_url>https://isa.cems.uwe.ac.uk/~b-wayne/dsa/assignment/index.php</base_url>
        
        <!-- a list of up to 8 technologies used (see schema) -->
        
        
        
        -<technologies>
            
            <tech>php</tech>
            
            <tech>html5</tech>
            
            <tech>xml</tech>
            
        </technologies>
        
        <config_file>https://isa.cems.uwe.ac.uk/~b-wayne/dsa/assignment/config.xml</config_file>
        
        <!-- URL of the Data Model - could be a HTML page with an image file or a gif/png file-->
        
        
        <dm_source>https://isa.cems.uwe.ac.uk/~b-wayne/dsa/assignment/model.gif</dm_source>
        
        
        -<source_files>
            
            
            -<file>
                
                <name>index.php</name>
                
                <purpose>main application file</purpose>
                
                <!-- source file should in a browser viewable format (e.g .phps, .xml, .txt, etc.) -->
                
                
                <source_url>https://isa.cems.uwe.ac.uk/~b-wayne/dsa/assignment/index.phps</source_url>
                
            </file>
            
            
            -<file>
                
                <name>dsa_utility.php</name>
                
                <purpose>holds required functions</purpose>
                
                <source_url>https://isa.cems.uwe.ac.uk/~b-wayne/dsa/assignment/dsa_utility.phps</source_url>
                
            </file>
            
        </source_files>
        
    </application>
    
    <!-- something about any learning outcomes achieved and any other overall comments -->
    
    
    <overall_comments> The group thought this assignment was simple. We knew all this stuff!Pellentesque augue mauris, lobortis vel elementum quis, consequat tempor felis..... </overall_comments>
    

